epoch,acc,loss,val_acc,val_loss
0,0.0999,0.004638436624563887,0.1,3.618470063557311e-07
